{"X": {"min_vals": [0.0, 0.0, 1.0, 6.0, 3263.47, 3269.6, 3248.98, 0.0, -31.84999999999991, 3271.385, 3271.385, 3271.385, 3271.620185468925, 3274.4763110925724, -9.900320672186353, -8.693799758264072, -6.027680945554623, 0.0, 0.0018858694406823074, -0.42354484863179676, 1.6207010023735662, -0.00862005970440094, -0.008657427314739298, -52.43000000000029, -62.440000000000055, -1.4992458793226555, 3263.66, 3263.66, 3263.66, 3263.66, 3263.66, 3263.66], "max_vals": [23.0, 5.0, 31.0, 10.0, 4007.0, 4013.99, 4000.87, 59.40000000000009, 36.5300000000002, 3997.683333333333, 3986.445416666667, 3972.569583333334, 3997.6994656889788, 3988.108635584797, 15.69042356798218, 15.050724054394303, 5.817943155727932, 99.99999999649123, 0.03238172704282726, 1.4910866721408247, 28.518163434056916, 0.011053384853262127, 0.010992742653382792, 65.82999999999993, 84.82000000000016, 1.9947699030037582, 4007.0, 4001.25, 4001.25, 3995.98, 3988.73, 3983.21]}, "y": {"min_vals": [3263.66], "max_vals": [4011.52]}}